{"metadata": {"date": "23/08/2023", "w1": "All units are in hour time format, to reduce the timestep granularity, the scale should be changed"}, "timesteps": 2, "grid_buying_price_units": "\u20ac/Mwh", "grid_buying_price_values": [164.2436806762063, 107.08322307552865], "gen_PV_units": "MW", "season": "summer", "gen_PV_values": [14.160064155960105, 7.432111710528335], "e_bat_capacity_units": "MWh", "e_bat_capacity_values": [5.0, 5.0], "e_bat_SOC_ini": 0.5, "e_bat_SOC_min": 0.1, "e_bat_SOC_max": 0.9, "e_bat_charging_power_units": "MW", "e_bat_charging_power_values": [3.6000000000000014, 3.6000000000000014], "electrolyzer_max_power_units": "MW", "electrolyzer_max_power_values": [50, 50], "electrolyzer_performance_units": "tH2/MWh", "electrolyzer_performance_values": [0.017761989342806397, 0.017761989342806397], "H2_demand_units": "ton de H2", "H2_demand_values": [30.0, 30.0], "H2_storage_SOC_capacity_units": "tons H2", "H2_storage_SOC_capacity_values": [20.0, 20.0], "H2_storage_SOC_ini": 0.5, "H2_storage_SOC_min": 0.1, "H2_storage_SOC_max": 0.9, "labels": [500000000.0, 1100000000.0, 100000000.0, 860000000.0]}